nom,marque,categorie,rubrique,url,cadence
Spypoint — accueil,Spypoint,marque,accueil,https://www.spypoint.com,jour
Spypoint — catalogue,Spypoint,marque,catalogue,https://www.spypoint.com/collections/cellular-trail-cameras,jour
Spypoint — tarifs,Spypoint,marque,tarifs,https://www.spypoint.com/pages/photo-transmission-plans,jour
Spypoint Canada — accueil,Spypoint Canada,marque,accueil,https://www.spypoint.ca,jour
Spypoint Canada — catalogue,Spypoint Canada,marque,catalogue,https://www.spypoint.ca/collections/all,jour
Moultrie — accueil,Moultrie,marque,accueil,https://www.moultriefeeders.com,jour
Moultrie — catalogue,Moultrie,marque,catalogue,https://www.moultriefeeders.com/collections/cellular-cameras,jour
Moultrie — tarifs,Moultrie,marque,tarifs,https://www.moultriefeeders.com/pages/moultrie-mobile-plans,jour
Tactacam — accueil,Tactacam,marque,accueil,https://www.tactacam.com,jour
Tactacam — catalogue,Tactacam,marque,catalogue,https://www.tactacam.com/collections/reveal-cameras,jour
Tactacam Reveal — accueil,Tactacam Reveal,marque,accueil,https://www.revealcellcam.com,jour
Tactacam Reveal — tarifs,Tactacam Reveal,marque,tarifs,https://www.revealcellcam.com/pages/data-plans,jour
Spartan — accueil,Spartan,marque,accueil,https://www.spartancamera.com,jour
Spartan — catalogue,Spartan,marque,catalogue,https://www.spartancamera.com/collections/cameras,jour
Spartan — tarifs,Spartan,marque,tarifs,https://www.spartancamera.com/pages/data-plans,jour
Browning Trail Cameras — accueil,Browning Trail Cameras,marque,accueil,https://www.browningtrailcameras.com,jour
Browning Trail Cameras — catalogue,Browning Trail Cameras,marque,catalogue,https://www.browningtrailcameras.com/products,jour
Stealth Cam — accueil,Stealth Cam,marque,accueil,https://www.stealthcam.com,jour
Stealth Cam — catalogue,Stealth Cam,marque,catalogue,https://www.stealthcam.com/collections/cameras,jour
Bushnell — accueil,Bushnell,marque,accueil,https://www.bushnell.com,jour
Bushnell — catalogue,Bushnell,marque,catalogue,https://www.bushnell.com/trail-cameras/,jour
Cuddeback — accueil,Cuddeback,marque,accueil,https://www.cuddeback.com,jour
Cuddeback — catalogue,Cuddeback,marque,catalogue,https://www.cuddeback.com/products/,jour
Covert Scouting — accueil,Covert Scouting,marque,accueil,https://www.covertscoutingcameras.com,jour
Covert Scouting — catalogue,Covert Scouting,marque,catalogue,https://www.covertscoutingcameras.com/collections/cameras,jour
Wildgame Innovations — accueil,Wildgame Innovations,marque,accueil,https://www.wildgameinnovations.com,jour
Muddy Outdoors — accueil,Muddy Outdoors,marque,accueil,https://www.muddyoutdoors.com,jour
Muddy Outdoors — catalogue,Muddy Outdoors,marque,catalogue,https://www.muddyoutdoors.com/collections/trail-cameras,jour
Exodus — accueil,Exodus,marque,accueil,https://www.exodusoutdoorgear.com,jour
Exodus — catalogue,Exodus,marque,catalogue,https://www.exodusoutdoorgear.com/collections/trail-cameras,jour
Reconyx — accueil,Reconyx,marque,accueil,https://www.reconyx.com,jour
Reconyx — catalogue,Reconyx,marque,catalogue,https://www.reconyx.com/products,jour
Primos — accueil,Primos,marque,accueil,https://www.primos.com,jour
GardePro — accueil,GardePro,marque,accueil,https://www.gardepro.com,jour
GardePro — catalogue,GardePro,marque,catalogue,https://www.gardepro.com/collections/trail-cameras,jour
Campark — accueil,Campark,marque,accueil,https://www.campark.net,jour
Meidase — accueil,Meidase,marque,accueil,https://www.meidase.com,jour
Toguard — accueil,Toguard,marque,accueil,https://www.toguard.cc,jour
Ceyomur — accueil,Ceyomur,marque,accueil,https://www.ceyomur.com,jour
BolyGuard — accueil,BolyGuard,marque,accueil,https://www.bolyguard.com,jour
Uovision — accueil,Uovision,marque,accueil,https://www.uovision.com,jour
Num'axes — accueil,Num'axes,marque,accueil,https://www.numaxes.com,jour
Dorr — accueil,Dorr,marque,accueil,https://www.doerrfoto.de,semaine
Minox — accueil,Minox,marque,accueil,https://www.minox.com,semaine
Icuserver — accueil,Icuserver,marque,accueil,https://www.icuserver.com,semaine
Seissiger — accueil,Seissiger,marque,accueil,https://www.seissiger.de,semaine
Cabela's — caméras de chasse,Cabela's,revendeur,catalogue,https://www.cabelas.com/category/Trail-Cameras/104794980,jour
Bass Pro Shops — caméras de chasse,Bass Pro Shops,revendeur,catalogue,https://www.basspro.com/c/trail-cameras,jour
Cabela's Canada — caméras de chasse,Cabela's Canada,revendeur,catalogue,https://www.cabelas.ca/category/trail-cameras,jour
Bass Pro Canada — caméras de chasse,Bass Pro Canada,revendeur,catalogue,https://www.bassproshops.ca/c/trail-cameras,jour
Academy Sports — caméras de chasse,Academy Sports,revendeur,catalogue,https://www.academy.com/c/outdoors/hunting/trail-cameras,jour
Sportsman's Guide — caméras de chasse,Sportsman's Guide,revendeur,catalogue,https://www.sportsmansguide.com/category/hunting/trail-cameras,jour
Sportsman's Warehouse — caméras de chasse,Sportsman's Warehouse,revendeur,catalogue,https://www.sportsmans.com/c/hunting/trail-cameras,jour
Scheels — caméras de chasse,Scheels,revendeur,catalogue,https://www.scheels.com/c/hunting/trail-cameras/,jour
Optics Planet — caméras de chasse,Optics Planet,revendeur,catalogue,https://www.opticsplanet.com/trail-cameras.html,jour
TrailCamPro — caméras de chasse,TrailCamPro,revendeur,catalogue,https://www.trailcampro.com/collections/all-trail-cameras,jour
Dick's Sporting Goods — caméras de chasse,Dick's Sporting Goods,revendeur,catalogue,https://www.dickssportinggoods.com/f/trail-cameras,jour
Canadian Tire — caméras de chasse,Canadian Tire,revendeur,catalogue,https://www.canadiantire.ca/en/categories/sports-rec/hunting/trail-cameras.html,jour
SAIL — caméras de chasse,SAIL,revendeur,catalogue,https://www.sail.ca/en/hunting/trail-cameras,jour
Latulippe — caméras de chasse,Latulippe,revendeur,catalogue,https://www.latulippe.com/en/hunting/trail-cameras,jour
Walmart — caméras de chasse,Walmart,revendeur,catalogue,https://www.walmart.com/browse/sports-outdoors/trail-cameras/4125_1077068,jour
Decathlon — caméras de chasse,Decathlon,revendeur,catalogue,https://www.decathlon.fr/tous-les-sports/chasse,jour
Naturabuy — caméras de chasse,Naturabuy,revendeur,catalogue,https://www.naturabuy.fr/Camera-de-chasse-cat-1290.html,jour
Chasse Passion — caméras de chasse,Chasse Passion,revendeur,catalogue,https://www.chassepassion.net,jour
Field & Stream — veille,Field & Stream,media,editorial,https://www.fieldandstream.com/outdoor-gear/hunting-gear/trail-cameras/,jour
Outdoor Life — veille,Outdoor Life,media,editorial,https://www.outdoorlife.com/gear/best-trail-cameras/,jour
Petersen's Hunting — veille,Petersen's Hunting,media,editorial,https://www.petersenshunting.com/editorial/trail-cameras,jour
Game & Fish — veille,Game & Fish,media,editorial,https://www.gameandfishmag.com/editorial/trail-cameras,jour
Deer & Deer Hunting — veille,Deer & Deer Hunting,media,editorial,https://www.deeranddeerhunting.com/tag/trail-cameras,jour
Wired To Hunt — veille,Wired To Hunt,media,editorial,https://www.meateater.com/hunt/whitetail,jour
TrailCamPro Blog — veille,TrailCamPro Blog,media,editorial,https://www.trailcampro.com/blogs/news,jour
Whitetail Habitat Solutions — veille,Whitetail Habitat Solutions,media,editorial,https://www.whitetailhabitatsolutions.com/blog,jour
Bowhunting.com — veille,Bowhunting.com,media,editorial,https://www.bowhunting.com/blog/,jour
Outdoor Empire — veille,Outdoor Empire,media,editorial,https://www.outdoorempire.com/best-trail-cameras/,jour
Spypoint — actualites,Spypoint,marque,actualites,https://www.spypoint.com/blogs/news,jour
Moultrie — actualites,Moultrie,marque,actualites,https://www.moultriefeeders.com/blogs/news,jour
Moultrie — catalogue-2,Moultrie,marque,catalogue-2,https://www.moultriefeeders.com/collections/feeders,jour
Tactacam — actualites,Tactacam,marque,actualites,https://www.tactacam.com/blogs/news,jour
Tactacam — catalogue-2,Tactacam,marque,catalogue-2,https://www.tactacam.com/collections/cameras,jour
Spartan — actualites,Spartan,marque,actualites,https://www.spartancamera.com/blogs/news,jour
Browning Trail Cameras — support,Browning Trail Cameras,marque,support,https://www.browningtrailcameras.com/support,jour
Stealth Cam — actualites,Stealth Cam,marque,actualites,https://www.stealthcam.com/blogs/news,jour
Cuddeback — support,Cuddeback,marque,support,https://www.cuddeback.com/support/,jour
Covert Scouting — actualites,Covert Scouting,marque,actualites,https://www.covertscoutingcameras.com/blogs/news,jour
Exodus — actualites,Exodus,marque,actualites,https://www.exodusoutdoorgear.com/blogs/news,jour
GardePro — actualites,GardePro,marque,actualites,https://www.gardepro.com/blogs/news,jour
Reconyx — support,Reconyx,marque,support,https://www.reconyx.com/support,jour
Muddy Outdoors — actualites,Muddy Outdoors,marque,actualites,https://www.muddyoutdoors.com/blogs/news,jour
BolyGuard — actualites,BolyGuard,marque,actualites,https://www.bolyguard.com/news,jour
Uovision — actualites,Uovision,marque,actualites,https://www.uovision.com/blog,jour
Num'axes — catalogue-2,Num'axes,marque,catalogue-2,https://www.numaxes.com/fr/pieges-photographiques,jour
Hunting Camera Store — veille,Hunting Camera Store,revendeur,catalogue,https://www.huntingcamerastore.com,jour
Chasse et Peche — veille,Chasse et Peche,revendeur,catalogue,https://www.chasseetpeche.ca/en/hunting/trail-cameras,jour
Le Baron — veille,Le Baron,revendeur,catalogue,https://www.lebaron.ca/en/hunting,jour
Korkuma — veille,Korkuma,revendeur,catalogue,https://www.korkuma.com,jour
Trail Camera Reviews — veille,Trail Camera Reviews,media,editorial,https://www.trailcamerareviews.net,jour
The Hunting Page — veille,The Hunting Page,media,editorial,https://www.thehuntingpage.com,jour
Hunting Gear Deals — veille,Hunting Gear Deals,media,editorial,https://www.huntinggeardeals.com,jour
North American Whitetail — veille,North American Whitetail,media,editorial,https://www.northamericanwhitetail.com/editorial/trail-cameras,jour
Realtree — veille,Realtree,media,editorial,https://www.realtree.com/brow-tines-and-backstrap,jour
Grand View Outdoors — veille,Grand View Outdoors,media,editorial,https://www.grandviewoutdoors.com,jour
